X	LINC_rff_Recall	LINC_rff_Recall_std	LINC_rff_Recall_cnf	LINC_gp_Recall	LINC_gp_Recall_std	LINC_gp_Recall_cnf	MSS_KCI_Recall	MSS_KCI_Recall_std	MSS_KCI_Recall_cnf	Pooled_PC_KCI_Recall	Pooled_PC_KCI_Recall_std	Pooled_PC_KCI_Recall_cnf	MC_Recall	MC_Recall_std	MC_Recall_cnf
0.0	0.922	0.127	0.055	0.804	0.239	0.105	0.787	0.181	0.079	0.74	0.238	0.104	0.755	0.204	0.089
0.16666666666666666	0.854	0.189	0.037	0.806	0.238	0.104	0.754	0.235	0.083	0.801	0.236	0.085	0.751	0.204	0.073
0.3333333333333333	0.93	0.138	0.061	0.819	0.23	0.101	0.914	0.124	0.038	0.954	0.094	0.029	0.853	0.156	0.048
0.5	0.924	0.138	0.06	0.826	0.195	0.085	0.856	0.185	0.081	0.875	0.18	0.079	0.81	0.181	0.08
0.6666666666666666	0.958	0.091	0.04	na	na	na	0.973	0.089	0.028	0.976	0.085	0.026	0.87	0.162	0.05
0.8333333333333334	0.958	0.091	0.04	0.821	0.191	0.084	0.935	0.122	0.053	0.959	0.085	0.037	0.922	0.151	0.066
1.0	0.937	0.103	0.045	na	na	na	0.954	0.125	0.055	0.961	0.117	0.051	0.893	0.153	0.067